{
  "nevergonnagiveyouup": {
    "category": "music",
  	"subtitle": "Never gonna give you up - Rick Astley",
    "sounds": [
      {
        "name": "nevergonnagiveyouup"
      }
    ]
  },
  "creditsex": {
    "category": "music",
  	"subtitle": "Credits EX - Frums",
    "sounds": [
      {
        "name": "creditsex"
      }
    ]
  },
  "energysynergymatrix": {
    "category": "music",
  	"subtitle": "ENERGY SYNERGY MATRIX - Tanchiky",
    "sounds": [
      {
        "name": "energysynergymatrix"
      }
    ]
  },
  "parade": {
    "category": "music",
  	"subtitle": "パレード(Parade) - 平沢進",
    "sounds": [
      {
        "name": "parade"
      }
    ]
  },
  "todokanaikoi": {
    "category": "music",
  	"subtitle": "届かない恋 - 亚树",
    "sounds": [
      {
        "name": "todokanaikoi"
      }
    ]
  }
}